Model,ROUGE-1,ROUGE-2,ROUGE-L,BERTScore
longt5,0.4380952380952381,0.18218623481781376,0.4380952380952381,0.9632243514060974
led,0.4380952380952381,0.18218623481781376,0.4380952380952381,0.9632243514060974
primera,0.4380952380952381,0.18218623481781376,0.4380952380952381,0.9632243514060974
flan_t5_xl,0.4380952380952381,0.18218623481781376,0.4380952380952381,0.9632243514060974
mistral,0.4380952380952381,0.18218623481781376,0.4380952380952381,0.9632243514060974
llama3,0.4380952380952381,0.18218623481781376,0.4380952380952381,0.9632243514060974
qwen,0.4380952380952381,0.18218623481781376,0.4380952380952381,0.9632243514060974
gemma,0.4380952380952381,0.18218623481781376,0.4380952380952381,0.9632243514060974
mixtral,0.4380952380952381,0.18218623481781376,0.4380952380952381,0.9632243514060974
